{
    "train_class_0.0_precision": 0.6050257731958762,
    "train_class_0.0_recall": 0.7273431448489543,
    "train_class_0.0_f1": 0.6605698206120295,
    "train_class_0.0_support": 3873.0,
    "train_class_1.0_precision": 0.6617552850736708,
    "train_class_1.0_recall": 0.5290653008962868,
    "train_class_1.0_f1": 0.5880176462217163,
    "train_class_1.0_support": 3905.0,
    "train_accuracy": 0.6277963486757521,
    "train_macro_precision": 0.6333905291347735,
    "train_macro_recall": 0.6282042228726206,
    "train_macro_f1": 0.6242937334168729,
    "train_weighted_precision": 0.6335072265107113,
    "train_weighted_recall": 0.6277963486757521,
    "train_weighted_f1": 0.624144487493725,
    "test_class_0.0_precision": 0.5474499677211104,
    "test_class_0.0_recall": 0.6573643410852713,
    "test_class_0.0_f1": 0.597393448397323,
    "test_class_0.0_support": 1290.0,
    "test_class_1.0_precision": 0.576222435282838,
    "test_class_1.0_recall": 0.46159754224270355,
    "test_class_1.0_f1": 0.5125799573560768,
    "test_class_1.0_support": 1302.0,
    "test_accuracy": 0.5590277777777778,
    "test_macro_precision": 0.5618362015019742,
    "test_macro_recall": 0.5594809416639874,
    "test_macro_f1": 0.5549867028766999,
    "test_weighted_precision": 0.5619028044361449,
    "test_weighted_recall": 0.5590277777777778,
    "test_weighted_f1": 0.5547903753511414
}
