{
    "train_class_0.0_precision": 0.6993094789704959,
    "train_class_0.0_recall": 0.5752646527239865,
    "train_class_0.0_f1": 0.6312508853945318,
    "train_class_0.0_support": 3873.0,
    "train_class_1.0_precision": 0.6417682926829268,
    "train_class_1.0_recall": 0.754673495518566,
    "train_class_1.0_f1": 0.6936565846769448,
    "train_class_1.0_support": 3905.0,
    "train_accuracy": 0.6653381331961944,
    "train_macro_precision": 0.6705388858267114,
    "train_macro_recall": 0.6649690741212763,
    "train_macro_f1": 0.6624537350357382,
    "train_weighted_precision": 0.6704205187682643,
    "train_weighted_recall": 0.6653381331961944,
    "train_weighted_f1": 0.6625821088064401,
    "test_class_0.0_precision": 0.5977121067683508,
    "test_class_0.0_recall": 0.48604651162790696,
    "test_class_0.0_f1": 0.5361265498076101,
    "test_class_0.0_support": 1290.0,
    "test_class_1.0_precision": 0.5703175631885936,
    "test_class_1.0_recall": 0.6758832565284179,
    "test_class_1.0_f1": 0.6186291739894552,
    "test_class_1.0_support": 1302.0,
    "test_accuracy": 0.5814043209876543,
    "test_macro_precision": 0.5840148349784722,
    "test_macro_recall": 0.5809648840781624,
    "test_macro_f1": 0.5773778618985326,
    "test_weighted_precision": 0.5839514216831487,
    "test_weighted_recall": 0.5814043209876543,
    "test_weighted_f1": 0.5775688401952499
}
