{
    "train_class_0.0_precision": 0.6280600699444558,
    "train_class_0.0_recall": 0.7392251815980629,
    "train_class_0.0_f1": 0.6791235680124569,
    "train_class_0.0_support": 4130.0,
    "train_class_1.0_precision": 0.6865541327124564,
    "train_class_1.0_recall": 0.5661147108231341,
    "train_class_1.0_f1": 0.6205445218992502,
    "train_class_1.0_support": 4167.0,
    "train_accuracy": 0.6522839580571291,
    "train_macro_precision": 0.6573071013284562,
    "train_macro_recall": 0.6526699462105985,
    "train_macro_f1": 0.6498340449558535,
    "train_weighted_precision": 0.6574375268028695,
    "train_weighted_recall": 0.6522839580571291,
    "train_weighted_f1": 0.6497034299922408,
    "test_class_0.0_precision": 0.6888701517706577,
    "test_class_0.0_recall": 0.7909002904162633,
    "test_class_0.0_f1": 0.7363677332131591,
    "test_class_0.0_support": 1033.0,
    "test_class_1.0_precision": 0.7564825253664036,
    "test_class_1.0_recall": 0.6451923076923077,
    "test_class_1.0_f1": 0.6964193046185781,
    "test_class_1.0_support": 1040.0,
    "test_accuracy": 0.7178002894356006,
    "test_macro_precision": 0.7226763385685306,
    "test_macro_recall": 0.7180462990542855,
    "test_macro_f1": 0.7163935189158686,
    "test_weighted_precision": 0.7227904935649537,
    "test_weighted_recall": 0.7178002894356006,
    "test_weighted_f1": 0.7163260710142377
}
